{
    "acc_bias": [
        0.1496,
        -0.1006,
        0.01736
    ],
    "acc_scale": [
        1,
        0.999,
        0.9971
    ],
    "device_class": "generic_tracker",
    "device_pid": 8226,
    "device_serial_number": "LHR-0BBD3DA5",
    "device_vid": 10462,
    "gyro_bias": [
        -0.00792,
        -0.004667,
        -0.04564
    ],
    "gyro_scale": [
        1.0,
        1.0,
        1.0
    ],
    "htcComposeTime": "2017-11-21 09:39:21.391000",
    "lighthouse_config": {
        "channelMap": [
            0,
            1,
            2,
            3,
            4,
            5,
            6,
            7,
            8,
            9,
            10,
            11,
            12,
            13,
            14,
            15,
            16,
            17,
            18,
            19,
            20,
            21
        ],
        "modelNormals": [
            [
                0.6824991703033447,
                0.6131781339645386,
                0.3977530896663666
            ],
            [
                -0.8931733965873718,
                0.44771620631217957,
                -0.04232601821422577
            ],
            [
                0.7094064354896545,
                -0.4095762372016907,
                0.5735763311386108
            ],
            [
                -0.4586949348449707,
                -0.8359968662261963,
                0.301177978515625
            ],
            [
                -0.81607586145401,
                0.3477179706096649,
                -0.46164095401763916
            ],
            [
                -0.5825632810592651,
                0.6942723393440247,
                -0.42261821031570435
            ],
            [
                -0.784885823726654,
                -0.4531538784503937,
                -0.42261791229248047
            ],
            [
                0.2071249932050705,
                0.030079999938607216,
                0.9778519868850708
            ],
            [
                -0.3099759519100189,
                -0.8516508340835571,
                -0.42261791229248047
            ],
            [
                -0.827340304851532,
                0.435027152299881,
                0.35533010959625244
            ],
            [
                0,
                0.9063078761100769,
                -0.42261794209480286
            ],
            [
                0,
                -0.8386707305908203,
                0.5446388125419617
            ],
            [
                0.827340304851532,
                0.435027152299881,
                0.35533010959625244
            ],
            [
                0.3099750280380249,
                -0.851651132106781,
                -0.4226180613040924
            ],
            [
                -0.2071249932050705,
                0.030079999938607216,
                0.9778519868850708
            ],
            [
                0.7848854660987854,
                -0.4531542658805847,
                -0.42261824011802673
            ],
            [
                0.5825632810592651,
                0.6942723393440247,
                -0.42261821031570435
            ],
            [
                0.81607586145401,
                0.3477179706096649,
                -0.46164095401763916
            ],
            [
                0.4586949348449707,
                -0.8359968662261963,
                0.301177978515625
            ],
            [
                -0.7094060182571411,
                -0.4095759987831116,
                0.5735769867897034
            ],
            [
                0.8931733965873718,
                0.44771620631217957,
                -0.04232601821422577
            ],
            [
                -0.6824991703033447,
                0.6131781339645386,
                0.3977530896663666
            ]
        ],
        "modelPoints": [
            [
                -0.026897216215729713,
                0.07017000764608383,
                0.08685357868671417
            ],
            [
                -0.0404040701687336,
                0.06320259720087051,
                0.08726391196250916
            ],
            [
                -0.02925121784210205,
                0.05627254396677017,
                0.08833605796098709
            ],
            [
                -0.04148018732666969,
                0.0510748066008091,
                0.08871905505657196
            ],
            [
                -0.039180122315883636,
                0.04666869342327118,
                0.06303062289953232
            ],
            [
                -0.025953007861971855,
                0.06817749887704849,
                0.0591924712061882
            ],
            [
                -0.03243662789463997,
                0.020913299173116684,
                0.05845765024423599
            ],
            [
                -0.02506541833281517,
                0.025313131511211395,
                0.06858642399311066
            ],
            [
                -0.008117963559925556,
                -0.0030004549771547318,
                0.0742972120642662
            ],
            [
                -0.01263237651437521,
                2.202347786806058e-05,
                0.08595302700996399
            ],
            [
                5.487701128004119e-05,
                0.07760544121265411,
                0.06019873917102814
            ],
            [
                -0.00011292632552795112,
                -0.00689950305968523,
                0.0880744606256485
            ],
            [
                0.012640981003642082,
                4.7062723751878366e-05,
                0.08573096245527267
            ],
            [
                0.008041037246584892,
                -0.0029096088837832212,
                0.07423526048660278
            ],
            [
                0.02516249194741249,
                0.025372479110956192,
                0.06859041750431061
            ],
            [
                0.032303500920534134,
                0.0208986084908247,
                0.058599069714546204
            ],
            [
                0.026298802345991135,
                0.06798206269741058,
                0.05921202898025513
            ],
            [
                0.03922527655959129,
                0.04674358293414116,
                0.06326010078191757
            ],
            [
                0.04148123785853386,
                0.05116571485996246,
                0.08844143152236938
            ],
            [
                0.029217515140771866,
                0.056513991206884384,
                0.08828400820493698
            ],
            [
                0.04027125984430313,
                0.06319168955087662,
                0.08723282814025879
            ],
            [
                0.026823412626981735,
                0.07036678493022919,
                0.08662614226341248
            ]
        ]
    },
    "manufacturer": "HTC",
    "mb_serial_number": "42VK17AN03719",
    "model_name": "Vive Tracker MV",
    "render_model": "vr_tracker_vive_1_0",
    "revision": 1,
    "tracked_controller_role": "",
    "trackref_from_head": [
        -1,
        0,
        0,
        0,
        0,
        0.039768997579813004,
        0.051509737968444824
    ],
    "trackref_from_imu": [
        0,
        0,
        0,
        1,
        0.008990850299596786,
        0.01930335909128189,
        0.06395523250102997
    ],
    "type": "Lighthouse_HMD"
}