{
    "acc_bias": [
        0.2469,
        0.0132,
        0.1637
    ],
    "acc_scale": [
        0.9989,
        1,
        0.9943
    ],
    "device_class": "generic_tracker",
    "device_pid": 8226,
    "device_serial_number": "LHR-1FB866D7",
    "device_vid": 10462,
    "gyro_bias": [
        -0.01425,
        -0.01502,
        -0.01856
    ],
    "gyro_scale": [
        1.0,
        1.0,
        1.0
    ],
    "htcComposeTime": "2017-11-20 12:14:48.595000",
    "lighthouse_config": {
        "channelMap": [
            0,
            1,
            2,
            3,
            4,
            5,
            6,
            7,
            8,
            9,
            10,
            11,
            12,
            13,
            14,
            15,
            16,
            17,
            18,
            19,
            20,
            21
        ],
        "modelNormals": [
            [
                0.6824991703033447,
                0.6131781339645386,
                0.3977530896663666
            ],
            [
                -0.8931733965873718,
                0.44771620631217957,
                -0.04232601821422577
            ],
            [
                0.7094064354896545,
                -0.4095762372016907,
                0.5735763311386108
            ],
            [
                -0.4586949348449707,
                -0.8359968662261963,
                0.301177978515625
            ],
            [
                -0.81607586145401,
                0.3477179706096649,
                -0.46164095401763916
            ],
            [
                -0.5825632810592651,
                0.6942723393440247,
                -0.42261821031570435
            ],
            [
                -0.784885823726654,
                -0.4531538784503937,
                -0.42261791229248047
            ],
            [
                0.2071249932050705,
                0.030079999938607216,
                0.9778519868850708
            ],
            [
                -0.3099759519100189,
                -0.8516508340835571,
                -0.42261791229248047
            ],
            [
                -0.827340304851532,
                0.435027152299881,
                0.35533010959625244
            ],
            [
                0,
                0.9063078761100769,
                -0.42261794209480286
            ],
            [
                0,
                -0.8386707305908203,
                0.5446388125419617
            ],
            [
                0.827340304851532,
                0.435027152299881,
                0.35533010959625244
            ],
            [
                0.3099750280380249,
                -0.851651132106781,
                -0.4226180613040924
            ],
            [
                -0.2071249932050705,
                0.030079999938607216,
                0.9778519868850708
            ],
            [
                0.7848854660987854,
                -0.4531542658805847,
                -0.42261824011802673
            ],
            [
                0.5825632810592651,
                0.6942723393440247,
                -0.42261821031570435
            ],
            [
                0.81607586145401,
                0.3477179706096649,
                -0.46164095401763916
            ],
            [
                0.4586949348449707,
                -0.8359968662261963,
                0.301177978515625
            ],
            [
                -0.7094060182571411,
                -0.4095759987831116,
                0.5735769867897034
            ],
            [
                0.8931733965873718,
                0.44771620631217957,
                -0.04232601821422577
            ],
            [
                -0.6824991703033447,
                0.6131781339645386,
                0.3977530896663666
            ]
        ],
        "modelPoints": [
            [
                -0.02680905908346176,
                0.07029642164707184,
                0.08681519329547882
            ],
            [
                -0.04038757458329201,
                0.06334007531404495,
                0.08714890480041504
            ],
            [
                -0.02915945276618004,
                0.056191276758909225,
                0.0882660448551178
            ],
            [
                -0.04133053496479988,
                0.05100993439555168,
                0.08859328925609589
            ],
            [
                -0.03920187056064606,
                0.046869393438100815,
                0.06314428150653839
            ],
            [
                -0.02600417286157608,
                0.06821991503238678,
                0.05926646292209625
            ],
            [
                -0.03251930698752403,
                0.021002907305955887,
                0.05851680040359497
            ],
            [
                -0.025129305198788643,
                0.025270406156778336,
                0.0686577558517456
            ],
            [
                -0.008034557104110718,
                -0.0031433363910764456,
                0.07411942631006241
            ],
            [
                -0.012687492184340954,
                -7.858355093048885e-05,
                0.08594965189695358
            ],
            [
                8.647715003462508e-05,
                0.07783740013837814,
                0.06043689697980881
            ],
            [
                -3.1362142181023955e-05,
                -0.0069600860588252544,
                0.08800455927848816
            ],
            [
                0.012657138518989086,
                -9.8376018286217e-05,
                0.08576878160238266
            ],
            [
                0.00808745063841343,
                -0.0032080591190606356,
                0.07442504912614822
            ],
            [
                0.02520662546157837,
                0.025353793054819107,
                0.06865432113409042
            ],
            [
                0.03245089203119278,
                0.020864035934209824,
                0.058801036328077316
            ],
            [
                0.02614075131714344,
                0.0680968165397644,
                0.059110842645168304
            ],
            [
                0.03922165557742119,
                0.046733494848012924,
                0.06325358897447586
            ],
            [
                0.041341815143823624,
                0.05109773948788643,
                0.08846711367368698
            ],
            [
                0.029093587771058083,
                0.056585896760225296,
                0.08818696439266205
            ],
            [
                0.040222179144620895,
                0.0632823258638382,
                0.08708765357732773
            ],
            [
                0.026775401085615158,
                0.07033313810825348,
                0.08657126873731613
            ]
        ]
    },
    "manufacturer": "HTC",
    "mb_serial_number": "42VK17AN02659",
    "model_name": "Vive Tracker MV",
    "render_model": "vr_tracker_vive_1_0",
    "revision": 1,
    "tracked_controller_role": "",
    "trackref_from_head": [
        -1,
        0,
        0,
        0,
        0,
        0.039768997579813004,
        0.051509737968444824
    ],
    "trackref_from_imu": [
        0,
        0,
        0,
        1,
        0.008990850299596786,
        0.01930335909128189,
        0.06395523250102997
    ],
    "type": "Lighthouse_HMD"
}